tick,time_s,status,act_temp_K,target_temp_K,heatInput_w,underflux_streak,temp_miss_streak
1,60,1,300,300,0,0,0
2,120,1,300,300,0,0,0
3,180,1,300,300,0,0,0
4,240,1,300,300,0,0,0
5,300,1,300,300,0,0,0
6,360,1,300,300,0,0,0
7,420,1,300,300,0,0,0
8,480,1,300,300,0,0,0
9,540,1,300,300,0,0,0
10,600,1,400.8,1269.6,1680,0,0
11,660,1,492.528,1269.6,1680,0,0
12,720,1,576,1269.6,1680,0,0
13,780,1,651.96,1269.6,1680,0,0
14,840,1,721.084,1269.6,1680,0,0
15,900,1,783.986,1269.6,1680,0,0
16,960,1,841.228,1269.6,1680,0,0
17,1020,1,893.317,1269.6,1680,0,0
18,1080,1,940.719,1269.6,1680,0,0
19,1140,1,983.854,1269.6,1680,0,0
20,1200,1,1023.11,1269.6,1680,0,0
21,1260,1,1058.83,1269.6,1680,0,0
22,1320,1,1091.33,1269.6,1680,0,0
23,1380,1,1120.91,1269.6,1680,0,0
24,1440,1,1147.83,1269.6,1680,0,0
25,1500,1,1172.33,1269.6,1680,0,0
26,1560,1,1194.62,1269.6,1680,0,0
27,1620,1,1214.9,1269.6,1680,0,1
28,1680,1,1233.36,1269.6,1680,0,0
29,1740,1,1250.16,1269.6,1680,0,0
30,1800,1,1265.44,1269.6,1680,0,0
31,1860,1,1279.35,1269.6,1680,0,0
32,1920,1,1292.01,1269.6,1680,0,0
33,1980,1,1303.53,1269.6,1680,0,0
34,2040,1,1314.01,1269.6,1680,0,0
35,2100,1,1323.55,1269.6,1680,0,0
36,2160,1,1332.23,1269.6,1680,0,0
37,2220,1,1340.13,1269.6,1680,0,0
38,2280,1,1347.32,1269.6,1680,0,0
39,2340,1,1253.68,1269.6,10.2892,0,0
40,2400,1,1167.85,1269.6,0,1,0
41,2460,1,1089.74,1269.6,0,2,1
42,2520,1,1018.66,1269.6,0,3,2
43,2580,1,953.984,1269.6,0,4,3
44,2640,1,895.126,300,0,0,0
45,2700,1,841.564,300,0,0,0
46,2760,1,792.824,300,0,0,0
47,2820,1,748.47,300,0,0,0
48,2880,1,708.107,300,0,0,0
49,2940,1,671.378,300,0,0,0
50,3000,1,637.954,300,0,0,0
51,3060,1,607.538,300,0,0,0
52,3120,1,579.859,300,0,0,0
53,3180,1,554.672,300,0,0,0
54,3240,1,531.752,300,0,0,0
55,3300,1,510.894,300,0,0,0
56,3360,1,491.913,300,0,0,0
57,3420,1,474.641,300,0,0,0
58,3480,1,458.924,300,0,0,0
59,3540,1,444.62,300,0,0,0
60,3600,1,431.605,300,0,0,0
61,3660,1,419.76,300,0,0,0
62,3720,1,408.982,300,0,0,0
63,3780,1,399.173,300,0,0,0
64,3840,1,390.248,300,0,0,0
65,3900,1,382.125,300,0,0,0
66,3960,1,374.734,300,0,0,0
67,4020,1,368.008,300,0,0,0
68,4080,1,361.887,300,0,0,0
69,4140,1,356.318,300,0,0,0
70,4200,1,351.249,300,0,0,0
71,4260,1,346.637,300,0,0,0
72,4320,1,342.439,300,0,0,0
73,4380,1,338.62,300,0,0,0
74,4440,1,335.144,300,0,0,0
75,4500,1,331.981,300,0,0,0
76,4560,1,329.103,300,0,0,0
77,4620,1,326.483,300,0,0,0
78,4680,1,324.1,300,0,0,0
79,4740,1,321.931,300,0,0,0
80,4800,1,319.957,300,0,0,0
81,4860,1,318.161,300,0,0,0
82,4920,1,316.527,300,0,0,0
83,4980,1,315.039,300,0,0,0
84,5040,1,313.686,300,0,0,0
85,5100,1,312.454,300,0,0,0
86,5160,1,311.333,300,0,0,0
87,5220,1,310.313,300,0,0,0
88,5280,1,309.385,300,0,0,0
89,5340,1,308.54,300,0,0,0
90,5400,1,401.372,1235.61,1560,0,0
91,5460,1,485.848,1235.61,1560,0,0
92,5520,1,562.722,1235.61,1560,0,0
93,5580,1,632.677,1235.61,1560,0,0
94,5640,1,696.336,1235.61,1560,0,0
95,5700,1,754.266,1235.61,1560,0,0
96,5760,1,806.982,1235.61,1560,0,0
97,5820,1,854.953,1235.61,1560,0,0
98,5880,1,898.608,1235.61,1560,0,0
99,5940,1,938.333,1235.61,1560,0,0
100,6000,1,974.483,1235.61,1560,0,0
101,6060,1,1007.38,1235.61,1560,0,0
102,6120,1,1037.32,1235.61,1560,0,0
103,6180,1,1064.56,1235.61,1560,0,0
104,6240,1,1089.35,1235.61,1560,0,0
105,6300,1,1111.91,1235.61,1560,0,0
106,6360,1,1132.43,1235.61,1560,0,0
107,6420,1,1151.12,1235.61,1560,0,0
108,6480,1,1168.11,1235.61,1560,0,1
109,6540,1,1183.58,1235.61,1560,0,2
110,6600,1,1197.66,1235.61,1560,0,0
111,6660,1,1210.47,1235.61,1560,0,0
112,6720,1,1222.13,1235.61,1560,0,0
113,6780,1,1232.74,1235.61,1560,0,0
114,6840,1,1242.39,1235.61,1560,0,0
115,6900,1,1251.18,1235.61,1560,0,0
116,6960,1,1259.17,1235.61,1560,0,0
117,7020,1,1266.45,1235.61,1560,0,0
118,7080,1,1195.64,1235.61,269.501,0,0
119,7140,1,1115.03,1235.61,0,1,0
120,7200,1,1041.68,1235.61,0,2,1
121,7260,1,974.925,1235.61,0,3,2
122,7320,1,914.181,1235.61,0,4,3
123,7380,1,858.905,300,0,0,0
124,7440,1,808.604,300,0,0,0
125,7500,1,762.829,300,0,0,0
126,7560,1,721.175,300,0,0,0
127,7620,1,683.269,300,0,0,0
128,7680,1,648.775,300,0,0,0
129,7740,1,617.385,300,0,0,0
130,7800,1,588.82,300,0,0,0
131,7860,1,562.827,300,0,0,0
132,7920,1,539.172,300,0,0,0
133,7980,1,517.647,300,0,0,0
134,8040,1,498.058,300,0,0,0
135,8100,1,480.233,300,0,0,0
136,8160,1,464.012,300,0,0,0
137,8220,1,449.251,300,0,0,0
138,8280,1,435.819,300,0,0,0
139,8340,1,423.595,300,0,0,0
140,8400,1,412.471,300,0,0,0
141,8460,1,402.349,300,0,0,0
142,8520,1,393.137,300,0,0,0
143,8580,1,384.755,300,0,0,0
144,8640,1,377.127,300,0,0,0
145,8700,1,370.186,300,0,0,0
146,8760,1,363.869,300,0,0,0
147,8820,1,358.121,300,0,0,0
148,8880,1,352.89,300,0,0,0
149,8940,1,348.13,300,0,0,0
150,9000,1,343.798,300,0,0,0
151,9060,1,339.856,300,0,0,0
152,9120,1,336.269,300,0,0,0
153,9180,1,333.005,300,0,0,0
154,9240,1,330.035,300,0,0,0
155,9300,1,327.331,300,0,0,0
156,9360,1,324.872,300,0,0,0
157,9420,1,322.633,300,0,0,0
158,9480,1,320.596,300,0,0,0
159,9540,1,318.743,300,0,0,0
160,9600,1,317.056,300,0,0,0
161,9660,1,315.521,300,0,0,0
162,9720,1,314.124,300,0,0,0
163,9780,1,312.853,300,0,0,0
164,9840,1,311.696,300,0,0,0
165,9900,1,310.643,300,0,0,0
166,9960,1,309.685,300,0,0,0
167,10020,1,308.814,300,0,0,0
168,10080,1,308.02,300,0,0,0
169,10140,1,307.299,300,0,0,0
170,10200,1,306.642,300,0,0,0
171,10260,1,306.044,300,0,0,0
172,10320,1,305.5,300,0,0,0
173,10380,1,305.005,300,0,0,0
174,10440,1,304.555,300,0,0,0
175,10500,1,304.145,300,0,0,0
176,10560,1,303.772,300,0,0,0
177,10620,1,303.432,300,0,0,0
178,10680,1,303.123,300,0,0,0
179,10740,1,302.842,300,0,0,0
180,10800,1,302.586,300,0,0,0
181,10860,1,302.354,300,0,0,0
182,10920,1,302.142,300,0,0,0
183,10980,1,301.949,300,0,0,0
184,11040,1,301.774,300,0,0,0
185,11100,1,301.614,300,0,0,0
186,11160,1,301.469,300,0,0,0
187,11220,1,301.337,300,0,0,0
188,11280,1,301.216,300,0,0,0
189,11340,1,301.107,300,0,0,0
190,11400,1,301.007,300,0,0,0
191,11460,1,300.917,300,0,0,0
192,11520,1,300.834,300,0,0,0
193,11580,1,300.759,300,0,0,0
194,11640,1,300.691,300,0,0,0
195,11700,1,300.629,300,0,0,0
196,11760,1,300.572,300,0,0,0
197,11820,1,300.52,300,0,0,0
198,11880,1,300.474,300,0,0,0
199,11940,1,300.431,300,0,0,0
200,12000,1,300.392,300,0,0,0
201,12060,1,300.357,300,0,0,0
202,12120,1,300.325,300,0,0,0
203,12180,1,300.296,300,0,0,0
204,12240,1,300.269,300,0,0,0
205,12300,1,300.245,300,0,0,0
206,12360,1,300.223,300,0,0,0
207,12420,1,300.203,300,0,0,0
208,12480,1,300.184,300,0,0,0
209,12540,1,300.168,300,0,0,0
210,12600,1,300.153,300,0,0,0
211,12660,1,300.139,300,0,0,0
212,12720,1,300.126,300,0,0,0
213,12780,1,300.115,300,0,0,0
214,12840,1,300.105,300,0,0,0
215,12900,1,300.095,300,0,0,0
216,12960,1,300.087,300,0,0,0
217,13020,1,300.079,300,0,0,0
218,13080,1,300.072,300,0,0,0
219,13140,1,300.065,300,0,0,0
220,13200,1,300.059,300,0,0,0
221,13260,1,300.054,300,0,0,0
222,13320,1,300.049,300,0,0,0
223,13380,1,300.045,300,0,0,0
224,13440,1,300.041,300,0,0,0
225,13500,1,300.037,300,0,0,0
226,13560,1,300.034,300,0,0,0
227,13620,1,300.031,300,0,0,0
228,13680,1,300.028,300,0,0,0
229,13740,1,300.025,300,0,0,0
230,13800,1,300.023,300,0,0,0
231,13860,1,300.021,300,0,0,0
232,13920,1,300.019,300,0,0,0
233,13980,1,300.017,300,0,0,0
234,14040,1,300.016,300,0,0,0
235,14100,1,300.014,300,0,0,0
236,14160,1,300.013,300,0,0,0
237,14220,1,300.012,300,0,0,0
238,14280,1,300.011,300,0,0,0
239,14340,1,300.01,300,0,0,0
240,14400,1,300.009,300,0,0,0
241,14460,1,300.008,300,0,0,0
242,14520,1,300.007,300,0,0,0
243,14580,1,300.007,300,0,0,0
244,14640,1,300.006,300,0,0,0
245,14700,1,300.006,300,0,0,0
246,14760,1,300.005,300,0,0,0
247,14820,1,300.005,300,0,0,0
248,14880,1,300.004,300,0,0,0
249,14940,1,300.004,300,0,0,0
250,15000,1,300.004,300,0,0,0
251,15060,1,300.003,300,0,0,0
252,15120,1,300.003,300,0,0,0
253,15180,1,300.003,300,0,0,0
254,15240,1,300.002,300,0,0,0
255,15300,1,300.002,300,0,0,0
256,15360,1,300.002,300,0,0,0
257,15420,1,300.002,300,0,0,0
258,15480,1,300.002,300,0,0,0
259,15540,1,300.002,300,0,0,0
260,15600,1,408.001,1300,1800,0,0
261,15660,1,506.281,1300,1800,0,0
262,15720,1,595.716,1300,1800,0,0
263,15780,1,677.101,1300,1800,0,0
264,15840,1,751.162,1300,1800,0,0
265,15900,1,818.558,1300,1800,0,0
266,15960,1,879.888,1300,1800,0,0
267,16020,1,935.698,1300,1800,0,0
268,16080,1,986.485,1300,1800,0,0
269,16140,1,1032.7,1300,1800,0,0
270,16200,1,1074.76,1300,1800,0,0
271,16260,1,1113.03,1300,1800,0,0
272,16320,1,1147.86,1300,1800,0,0
273,16380,1,1179.55,1300,1800,0,0
274,16440,1,1208.39,1300,1800,0,0
275,16500,1,1234.64,1300,1800,0,0
276,16560,1,1258.52,1300,1800,0,1
277,16620,1,1280.25,1300,1800,0,0
278,16680,1,1300.03,1300,1800,0,0
279,16740,1,1318.03,1300,1800,0,0
280,16800,1,1334.4,1300,1800,0,0
281,16860,1,1349.31,1300,1800,0,0
282,16920,1,1362.87,1300,1800,0,0
283,16980,1,1375.21,1300,1800,0,0
284,17040,1,1386.44,1300,1800,0,0
285,17100,1,1396.66,1300,1800,0,0
286,17160,1,1405.96,1300,1800,0,0
287,17220,1,1414.43,1300,1800,0,0
288,17280,1,1419.53,1300,1756.76,0,0
289,17340,1,1415.3,1300,1608.74,1,0
290,17400,1,1409.81,1300,1581.43,2,0
291,17460,1,1402.98,1300,1550.87,3,0
292,17520,1,1394.74,1300,1517.17,4,0
293,17580,1,1296.21,300,0,0,0
294,17640,1,1206.55,300,0,0,0
295,17700,1,1124.96,300,0,0,0
296,17760,1,1050.72,300,0,0,0
297,17820,1,983.153,300,0,0,0
298,17880,1,921.669,300,0,0,0
299,17940,1,865.719,300,0,0,0
300,18000,1,814.804,300,0,0,0
301,18060,1,768.472,300,0,0,0
302,18120,1,726.309,300,0,0,0
303,18180,1,687.942,300,0,0,0
304,18240,1,653.027,300,0,0,0
305,18300,1,621.254,300,0,0,0
306,18360,1,592.342,300,0,0,0
307,18420,1,566.031,300,0,0,0
308,18480,1,542.088,300,0,0,0
309,18540,1,520.3,300,0,0,0
310,18600,1,500.473,300,0,0,0
311,18660,1,482.431,300,0,0,0
312,18720,1,466.012,300,0,0,0
313,18780,1,451.071,300,0,0,0
314,18840,1,437.474,300,0,0,0
315,18900,1,425.102,300,0,0,0
316,18960,1,413.843,300,0,0,0
317,19020,1,403.597,300,0,0,0
318,19080,1,394.273,300,0,0,0
319,19140,1,385.788,300,0,0,0
320,19200,1,378.067,300,0,0,0
321,19260,1,371.041,300,0,0,0
322,19320,1,364.648,300,0,0,0
323,19380,1,358.829,300,0,0,0
324,19440,1,353.535,300,0,0,0
325,19500,1,348.717,300,0,0,0
326,19560,1,344.332,300,0,0,0
327,19620,1,340.342,300,0,0,0
328,19680,1,336.711,300,0,0,0
329,19740,1,333.407,300,0,0,0
330,19800,1,330.401,300,0,0,0
331,19860,1,327.665,300,0,0,0
332,19920,1,325.175,300,0,0,0
333,19980,1,322.909,300,0,0,0
334,20040,1,320.847,300,0,0,0
335,20100,1,318.971,300,0,0,0
336,20160,1,317.264,300,0,0,0
337,20220,1,315.71,300,0,0,0
338,20280,1,314.296,300,0,0,0
339,20340,1,313.009,300,0,0,0
340,20400,1,311.839,300,0,0,0
341,20460,1,310.773,300,0,0,0
342,20520,1,309.803,300,0,0,0
343,20580,1,308.921,300,0,0,0
344,20640,1,308.118,300,0,0,0
345,20700,1,307.388,300,0,0,0
346,20760,1,306.723,300,0,0,0
347,20820,1,306.118,300,0,0,0
348,20880,1,305.567,300,0,0,0
349,20940,1,305.066,300,0,0,0
350,21000,1,304.61,300,0,0,0
351,21060,1,304.195,300,0,0,0
352,21120,1,303.818,300,0,0,0
353,21180,1,303.474,300,0,0,0
354,21240,1,303.161,300,0,0,0
355,21300,1,302.877,300,0,0,0
356,21360,1,302.618,300,0,0,0
357,21420,1,302.382,300,0,0,0
358,21480,1,302.168,300,0,0,0
359,21540,1,301.973,300,0,0,0
360,21600,1,301.795,300,0,0,0
361,21660,1,301.634,300,0,0,0
362,21720,1,301.487,300,0,0,0
363,21780,1,301.353,300,0,0,0
364,21840,1,301.231,300,0,0,0
365,21900,1,301.12,300,0,0,0
366,21960,1,301.019,300,0,0,0
367,22020,1,300.928,300,0,0,0
368,22080,1,300.844,300,0,0,0
369,22140,1,300.768,300,0,0,0
370,22200,1,300.699,300,0,0,0
371,22260,1,300.636,300,0,0,0
372,22320,1,300.579,300,0,0,0
373,22380,1,300.527,300,0,0,0
374,22440,1,300.479,300,0,0,0
375,22500,1,300.436,300,0,0,0
376,22560,1,300.397,300,0,0,0
377,22620,1,300.361,300,0,0,0
378,22680,1,300.329,300,0,0,0
379,22740,1,300.299,300,0,0,0
380,22800,1,300.272,300,0,0,0
381,22860,1,300.248,300,0,0,0
382,22920,1,300.225,300,0,0,0
383,22980,1,300.205,300,0,0,0
384,23040,1,300.187,300,0,0,0
385,23100,1,300.17,300,0,0,0
386,23160,1,300.155,300,0,0,0
387,23220,1,300.141,300,0,0,0
388,23280,1,300.128,300,0,0,0
389,23340,1,300.117,300,0,0,0
390,23400,1,300.106,300,0,0,0
391,23460,1,300.096,300,0,0,0
392,23520,1,300.088,300,0,0,0
393,23580,1,300.08,300,0,0,0
394,23640,1,300.073,300,0,0,0
395,23700,1,300.066,300,0,0,0
396,23760,1,300.06,300,0,0,0
397,23820,1,300.055,300,0,0,0
398,23880,1,300.05,300,0,0,0
399,23940,1,300.045,300,0,0,0
400,24000,1,300.041,300,0,0,0
401,24060,1,300.038,300,0,0,0
402,24120,1,300.034,300,0,0,0
403,24180,1,300.031,300,0,0,0
404,24240,1,300.028,300,0,0,0
405,24300,1,300.026,300,0,0,0
406,24360,1,300.023,300,0,0,0
407,24420,1,300.021,300,0,0,0
408,24480,1,300.019,300,0,0,0
409,24540,1,300.018,300,0,0,0
410,24600,1,300.016,300,0,0,0
411,24660,1,300.015,300,0,0,0
412,24720,1,300.013,300,0,0,0
413,24780,1,300.012,300,0,0,0
414,24840,1,300.011,300,0,0,0
415,24900,1,300.01,300,0,0,0
416,24960,1,300.009,300,0,0,0
417,25020,1,300.008,300,0,0,0
418,25080,1,300.008,300,0,0,0
419,25140,1,300.007,300,0,0,0
420,25200,1,300.006,300,0,0,0
421,25260,1,300.006,300,0,0,0
422,25320,1,300.005,300,0,0,0
423,25380,1,300.005,300,0,0,0
424,25440,1,300.004,300,0,0,0
425,25500,1,300.004,300,0,0,0
426,25560,1,300.004,300,0,0,0
427,25620,1,300.003,300,0,0,0
428,25680,1,300.003,300,0,0,0
429,25740,1,300.003,300,0,0,0
430,25800,1,300.002,300,0,0,0
431,25860,1,300.002,300,0,0,0
432,25920,1,300.002,300,0,0,0
433,25980,1,300.002,300,0,0,0
434,26040,1,300.002,300,0,0,0
435,26100,1,300.002,300,0,0,0
436,26160,1,300.001,300,0,0,0
437,26220,1,300.001,300,0,0,0
438,26280,1,300.001,300,0,0,0
439,26340,1,300.001,300,0,0,0
440,26400,1,300.001,300,0,0,0
441,26460,1,300.001,300,0,0,0
442,26520,1,300.001,300,0,0,0
443,26580,1,300.001,300,0,0,0
444,26640,1,300.001,300,0,0,0
445,26700,1,300.001,300,0,0,0
446,26760,1,300.001,300,0,0,0
447,26820,1,300,300,0,0,0
448,26880,1,300,300,0,0,0
449,26940,1,300,300,0,0,0
450,27000,1,382.8,1175.7,1380,0,0
451,27060,1,458.148,1175.7,1380,0,0
452,27120,1,526.715,1175.7,1380,0,0
453,27180,1,589.111,1175.7,1380,0,0
454,27240,1,645.891,1175.7,1380,0,0
455,27300,1,697.561,1175.7,1380,0,0
456,27360,1,744.58,1175.7,1380,0,0
457,27420,1,787.368,1175.7,1380,0,0
458,27480,1,826.305,1175.7,1380,0,0
459,27540,1,861.737,1175.7,1380,0,0
460,27600,1,893.981,1175.7,1380,0,0
461,27660,1,923.323,1175.7,1380,0,0
462,27720,1,950.024,1175.7,1380,0,0
463,27780,1,974.322,1175.7,1380,0,0
464,27840,1,996.433,1175.7,1380,0,0
465,27900,1,1016.55,1175.7,1380,0,0
466,27960,1,1034.86,1175.7,1380,0,0
467,28020,1,1051.53,1175.7,1380,0,0
468,28080,1,1066.69,1175.7,1380,0,0
469,28140,1,1080.49,1175.7,1380,0,0
470,28200,1,1093.04,1175.7,1380,0,0
471,28260,1,1104.47,1175.7,1380,0,1
472,28320,1,1114.87,1175.7,1380,0,2
473,28380,1,1124.33,1175.7,1380,0,3
474,28440,1,1132.94,1175.7,1380,0,0
475,28500,1,1140.77,1175.7,1380,0,0
476,28560,1,1147.9,1175.7,1380,0,0
477,28620,1,1154.39,1175.7,1380,0,0
478,28680,1,1160.3,1175.7,1380,0,0
479,28740,1,1165.67,1175.7,1380,0,0
480,28800,1,1170.56,1175.7,1380,0,0
481,28860,1,1175.01,1175.7,1380,0,0
482,28920,1,1179.06,1175.7,1380,0,0
483,28980,1,1182.74,1175.7,1380,0,0
484,29040,1,1186.1,1175.7,1380,0,0
485,29100,1,1189.15,1175.7,1380,0,0
486,29160,1,1191.93,1175.7,1380,0,0
487,29220,1,1194.45,1175.7,1380,0,0
488,29280,1,1196.75,1175.7,1380,0,0
489,29340,1,1198.84,1175.7,1380,0,0
490,29400,1,1200.75,1175.7,1380,0,0
491,29460,1,1202.48,1175.7,1380,0,0
492,29520,1,1204.06,1175.7,1380,0,0
493,29580,1,1205.49,1175.7,1380,0,0
494,29640,1,1206.8,1175.7,1380,0,0
495,29700,1,1207.99,1175.7,1380,0,0
496,29760,1,1209.07,1175.7,1380,0,0
497,29820,1,1210.05,1175.7,1380,0,0
498,29880,1,1210.95,1175.7,1380,0,0
499,29940,1,1211.76,1175.7,1380,0,0
500,30000,1,1212.5,1175.7,1380,0,0
501,30060,1,1213.18,1175.7,1380,0,0
502,30120,1,1213.79,1175.7,1380,0,0
503,30180,1,1161.69,1175.7,502.282,0,0
504,30240,1,1084.14,1175.7,0,1,0
505,30300,1,1013.56,1175.7,0,2,1
506,30360,1,949.343,1175.7,0,3,2
507,30420,1,890.902,1175.7,0,4,3
508,30480,1,837.721,300,0,0,0
509,30540,1,789.326,300,0,0,0
510,30600,1,745.286,300,0,0,0
511,30660,1,705.211,300,0,0,0
512,30720,1,668.742,300,0,0,0
513,30780,1,635.555,300,0,0,0
514,30840,1,605.355,300,0,0,0
515,30900,1,577.873,300,0,0,0
516,30960,1,552.864,300,0,0,0
517,31020,1,530.107,300,0,0,0
518,31080,1,509.397,300,0,0,0
519,31140,1,490.551,300,0,0,0
520,31200,1,473.402,300,0,0,0
521,31260,1,457.796,300,0,0,0
522,31320,1,443.594,300,0,0,0
523,31380,1,430.67,300,0,0,0
524,31440,1,418.91,300,0,0,0
525,31500,1,408.208,300,0,0,0
526,31560,1,398.469,300,0,0,0
527,31620,1,389.607,300,0,0,0
528,31680,1,381.543,300,0,0,0
529,31740,1,374.204,300,0,0,0
530,31800,1,367.525,300,0,0,0
531,31860,1,361.448,300,0,0,0
532,31920,1,355.918,300,0,0,0
533,31980,1,350.885,300,0,0,0
534,32040,1,346.306,300,0,0,0
535,32100,1,342.138,300,0,0,0
536,32160,1,338.346,300,0,0,0
537,32220,1,334.895,300,0,0,0
538,32280,1,331.754,300,0,0,0
539,32340,1,328.896,300,0,0,0
540,32400,1,326.295,300,0,0,0
541,32460,1,323.929,300,0,0,0
542,32520,1,321.775,300,0,0,0
543,32580,1,319.816,300,0,0,0
544,32640,1,318.032,300,0,0,0
545,32700,1,316.409,300,0,0,0
546,32760,1,314.932,300,0,0,0
547,32820,1,313.588,300,0,0,0
548,32880,1,312.366,300,0,0,0
549,32940,1,311.253,300,0,0,0
550,33000,1,310.24,300,0,0,0
551,33060,1,309.318,300,0,0,0
552,33120,1,308.48,300,0,0,0
553,33180,1,307.716,300,0,0,0
554,33240,1,307.022,300,0,0,0
555,33300,1,306.39,300,0,0,0
556,33360,1,305.815,300,0,0,0
557,33420,1,305.292,300,0,0,0
558,33480,1,304.815,300,0,0,0
559,33540,1,304.382,300,0,0,0
560,33600,1,303.988,300,0,0,0
561,33660,1,303.629,300,0,0,0
562,33720,1,303.302,300,0,0,0
563,33780,1,303.005,300,0,0,0
564,33840,1,302.734,300,0,0,0
565,33900,1,302.488,300,0,0,0
566,33960,1,302.264,300,0,0,0
567,34020,1,302.061,300,0,0,0
568,34080,1,301.875,300,0,0,0
569,34140,1,301.706,300,0,0,0
570,34200,1,301.553,300,0,0,0
571,34260,1,301.413,300,0,0,0
572,34320,1,301.286,300,0,0,0
573,34380,1,301.17,300,0,0,0
574,34440,1,301.065,300,0,0,0
575,34500,1,300.969,300,0,0,0
576,34560,1,300.882,300,0,0,0
577,34620,1,300.802,300,0,0,0
578,34680,1,300.73,300,0,0,0
579,34740,1,300.665,300,0,0,0
580,34800,1,300.605,300,0,0,0
581,34860,1,300.55,300,0,0,0
582,34920,1,300.501,300,0,0,0
583,34980,1,300.456,300,0,0,0
584,35040,1,300.415,300,0,0,0
585,35100,1,300.377,300,0,0,0
586,35160,1,300.343,300,0,0,0
587,35220,1,300.312,300,0,0,0
588,35280,1,300.284,300,0,0,0
589,35340,1,300.259,300,0,0,0
